,dir,idx,psnr,ssim,time,score
0,0001_001_S6_00100_00060_3200_L,0,57.81649,0.99847,4.45min,94.02430666666667
1,0001_001_S6_00100_00060_3200_L,1,57.72315,0.99845,4.43min,93.77339999999998
2,0002_001_S6_00100_00020_3200_N,0,49.08475,0.99466,4.37min,70.35866666666666
3,0002_001_S6_00100_00020_3200_N,1,49.2339,0.99481,4.34min,70.7714
4,0003_001_S6_00100_00060_3200_H,0,41.07094,0.97786,4.33min,47.30850666666665
5,0003_001_S6_00100_00060_3200_H,1,41.1063,0.97803,4.32min,47.41979999999998
6,0004_001_S6_00100_00060_4400_L,0,53.51308,0.99709,4.33min,82.41054666666668
7,0004_001_S6_00100_00060_4400_L,1,51.99328,0.9972,4.34min,78.36874666666665
8,0005_001_S6_00100_00060_4400_N,0,45.95779,0.98804,4.34min,61.35810666666668
9,0005_001_S6_00100_00060_4400_N,1,45.96541,0.98805,4.35min,61.37942666666666
10,0006_001_S6_00100_00060_4400_H,0,38.08894,0.97843,4.35min,39.41350666666666
11,0006_001_S6_00100_00060_4400_H,1,38.10581,0.97811,4.35min,39.426493333333326
12,0007_001_S6_00100_00100_5500_L,0,55.42823,0.99824,4.35min,87.63261333333334
13,0007_001_S6_00100_00100_5500_L,1,55.59278,0.99827,4.35min,88.07441333333333
14,0008_001_S6_00100_00100_5500_N,0,44.77266,0.98845,4.34min,58.23876000000001
15,0008_001_S6_00100_00100_5500_N,1,44.69253,0.98838,4.35min,58.01808
16,0010_001_S6_00800_00350_3200_N,0,38.35171,0.97512,4.34min,39.78322666666666
17,0010_001_S6_00800_00350_3200_N,1,38.72502,0.9757,4.34min,40.83672
18,0011_001_S6_00800_00500_5500_L,0,46.74059,0.98862,4.34min,63.50357333333333
19,0011_001_S6_00800_00500_5500_L,1,46.67204,0.98868,4.34min,63.32677333333334
20,0012_001_S6_00800_00500_5500_N,0,38.51835,0.97112,4.34min,39.82759999999999
21,0012_001_S6_00800_00500_5500_N,1,38.8149,0.97266,4.34min,40.7724
22,0013_001_S6_03200_01250_3200_L,0,42.20293,0.9603,4.35min,48.57114666666668
23,0013_001_S6_03200_01250_3200_L,1,42.18493,0.96012,4.43min,48.50514666666667
24,0014_001_S6_03200_01250_3200_N,0,32.63536,0.93205,4.38min,20.232626666666665
25,0014_001_S6_03200_01250_3200_N,1,33.03835,0.93123,4.34min,21.225266666666663
26,0015_001_S6_03200_01600_5500_L,0,40.98444,0.9707,4.33min,46.361839999999994
27,0015_001_S6_03200_01600_5500_L,1,41.14308,0.97095,4.33min,46.809879999999986
28,0016_001_S6_03200_01600_5500_N,0,32.72084,0.93128,4.33min,20.383573333333334
29,0016_001_S6_03200_01600_5500_N,1,32.77972,0.93161,4.33min,20.57358666666666
30,0017_001_GP_00100_00060_5500_N,0,43.91236,0.98874,3.34min,55.973626666666654
31,0017_001_GP_00100_00060_5500_N,1,44.13246,0.98892,3.35min,56.57856000000001
32,0018_001_GP_00100_00160_5500_L,0,61.56392,0.99867,3.35min,104.03745333333335
33,0018_001_GP_00100_00160_5500_L,1,61.74963,0.99867,3.35min,104.53268
34,0019_001_GP_00800_00640_5500_L,0,54.18953,0.99648,3.35min,84.15341333333333
35,0019_001_GP_00800_00640_5500_L,1,54.05422,0.99648,3.35min,83.79258666666666
36,0020_001_GP_00800_00350_5500_N,0,40.16464,0.96334,3.35min,43.43970666666665
37,0020_001_GP_00800_00350_5500_N,1,40.15314,0.96162,3.35min,43.23704
38,0022_001_N6_00100_00060_5500_N,0,46.78123,0.99292,3.56min,64.04194666666668
39,0022_001_N6_00100_00060_5500_N,1,47.22838,0.99326,3.56min,65.26834666666667
40,0023_001_N6_00800_00350_5500_N,0,43.43353,0.9825,3.56min,54.07274666666666
41,0023_001_N6_00800_00350_5500_N,1,42.81136,0.98174,3.56min,52.33762666666666
42,0025_001_G4_00100_00060_5500_L,0,55.19735,0.99853,4.32min,87.04593333333334
43,0025_001_G4_00100_00060_5500_L,1,55.3477,0.99858,4.31min,87.45186666666667
44,0027_001_G4_00800_00350_5500_L,0,50.0646,0.99364,4.30min,72.8696
45,0027_001_G4_00800_00350_5500_L,1,49.11161,0.99337,4.31min,70.30129333333332
46,0028_001_IP_00100_00160_5500_N,0,57.92828,0.99818,3.30min,94.29341333333333
47,0028_001_IP_00100_00160_5500_N,1,58.13352,0.9982,3.30min,94.84271999999999
48,0029_001_IP_00800_01000_5500_N,0,49.86526,0.99646,3.31min,72.62002666666666
49,0029_001_IP_00800_01000_5500_N,1,49.86356,0.99647,3.30min,72.61649333333332
50,0030_001_IP_01600_02000_5500_N,0,43.05219,0.9771,3.30min,52.515840000000004
51,0030_001_IP_01600_02000_5500_N,1,43.16972,0.97706,3.30min,52.82525333333332
52,0032_001_IP_00800_01000_3200_N,0,52.60849,0.99574,3.32min,79.86330666666667
53,0032_001_IP_00800_01000_3200_N,1,52.55173,0.99573,3.30min,79.71094666666666
54,0033_001_IP_00100_00160_3200_N,0,57.1139,0.99779,3.30min,92.08273333333334
55,0033_001_IP_00100_00160_3200_N,1,58.03009,0.99789,3.30min,94.53590666666668
56,0034_002_GP_00100_00160_3200_N,0,46.20549,0.99276,3.35min,62.490639999999985
57,0034_002_GP_00100_00160_3200_N,1,46.34447,0.99289,3.36min,62.87425333333334
58,0035_002_GP_00800_00350_3200_N,0,42.31382,0.98168,3.43min,51.00485333333333
59,0035_002_GP_00800_00350_3200_N,1,42.28621,0.9815,3.42min,50.91322666666667
60,0036_002_GP_06400_03200_3200_N,0,37.71793,0.94393,3.38min,34.97414666666667
61,0036_002_GP_06400_03200_3200_N,1,37.74551,0.94388,3.41min,35.04269333333334
62,0038_002_GP_00800_00640_3200_L,0,55.93544,0.99625,3.40min,88.78617333333332
63,0038_002_GP_00800_00640_3200_L,1,55.91599,0.99624,3.40min,88.73330666666668
64,0039_002_IP_00100_00180_5500_L,0,56.30792,0.99808,3.38min,89.96245333333334
65,0039_002_IP_00100_00180_5500_L,1,56.31156,0.99808,3.31min,89.97216
66,0040_002_IP_00800_02000_5500_L,0,61.32847,0.99575,3.42min,103.11758666666665
67,0040_002_IP_00800_02000_5500_L,1,61.32601,0.99573,3.32min,103.10902666666667
68,0042_002_IP_01600_03100_5500_N,0,58.49132,0.99718,3.35min,95.69485333333334
69,0042_002_IP_01600_03100_5500_N,1,58.45324,0.99726,3.32min,95.60130666666667
70,0043_002_IP_00800_01520_5500_N,0,54.89242,0.99712,3.30min,86.09178666666666
71,0043_002_IP_00800_01520_5500_N,1,54.72398,0.99709,3.30min,85.63961333333333
72,0044_002_IP_00100_00180_5500_N,0,46.3004,0.99059,3.30min,62.52673333333334
73,0044_002_IP_00100_00180_5500_N,1,46.32071,0.99043,3.33min,62.56489333333333
74,0045_002_G4_00100_00060_3200_L,0,56.43401,0.99839,4.38min,90.32969333333334
75,0045_002_G4_00100_00060_3200_L,1,56.95513,0.99848,4.38min,91.72834666666667
76,0047_002_G4_00800_00640_3200_L,0,53.71581,0.98972,4.38min,82.21416
77,0047_002_G4_00800_00640_3200_L,1,53.92993,0.98987,4.33min,82.80014666666668
78,0048_002_N6_00100_00100_5500_L,0,58.87145,0.99851,3.60min,96.84153333333335
79,0048_002_N6_00100_00100_5500_L,1,59.01156,0.99861,3.58min,97.22516
80,0050_002_N6_03200_03200_5500_L,0,47.07479,0.97817,3.61min,63.34977333333334
81,0050_002_N6_03200_03200_5500_L,1,47.1496,0.97869,3.61min,63.60126666666665
82,0051_002_S6_00100_00060_5500_N,0,40.81957,0.98646,4.40min,47.49818666666666
83,0051_002_S6_00100_00060_5500_N,1,41.00946,0.98674,4.40min,48.03255999999998
84,0052_002_S6_01600_01000_5500_N,0,38.24753,0.96141,4.37min,38.13441333333332
85,0052_002_S6_01600_01000_5500_N,1,38.17038,0.96114,4.39min,37.90168
86,0054_003_N6_00100_00160_5500_N,0,47.35961,0.99396,3.63min,65.68829333333333
87,0054_003_N6_00100_00160_5500_N,1,47.9657,0.99436,3.65min,67.34453333333332
88,0055_003_N6_00800_01000_5500_N,0,45.78055,0.99035,3.59min,61.11646666666666
89,0055_003_N6_00800_01000_5500_N,1,46.31127,0.99049,3.60min,62.54572
90,0057_003_G4_00100_00125_5500_L,0,57.41356,0.99815,4.45min,92.91782666666664
91,0057_003_G4_00100_00125_5500_L,1,57.26467,0.99818,4.40min,92.52378666666668
92,0059_003_G4_00800_01000_5500_L,0,54.00243,0.98806,4.41min,82.81248
93,0059_003_G4_00800_01000_5500_L,1,54.14282,0.98809,4.38min,83.18985333333333
94,0060_003_S6_00100_00100_4400_L,0,57.11061,0.99825,4.49min,92.11996
95,0060_003_S6_00100_00100_4400_L,1,57.40449,0.99834,4.47min,92.91264
96,0062_003_S6_03200_02500_4400_L,0,43.62791,0.96253,4.38min,52.59409333333333
97,0062_003_S6_03200_02500_4400_L,1,43.71285,0.9632,4.36min,52.88759999999999
98,0063_003_GP_00100_00100_4400_N,0,47.16253,0.99463,3.35min,65.22974666666666
99,0063_003_GP_00100_00100_4400_N,1,47.21518,0.99465,3.36min,65.37214666666667
100,0064_003_GP_01600_01600_4400_N,0,47.1816,0.9881,3.36min,64.6276
101,0064_003_GP_01600_01600_4400_N,1,47.06658,0.98868,3.36min,64.37888000000001
102,0065_003_GP_10000_08460_4400_N,0,39.45982,0.93799,3.36min,39.02518666666666
103,0065_003_GP_10000_08460_4400_N,1,39.51496,0.9384,3.35min,39.21322666666667
104,0066_003_GP_00100_00200_3200_L,0,63.61621,0.99737,3.36min,109.38022666666667
105,0066_003_GP_00100_00200_3200_L,1,63.60269,0.99739,3.35min,109.34617333333334
106,0068_003_IP_00200_00400_3200_N,0,50.38943,0.9958,3.31min,73.95181333333333
107,0068_003_IP_00200_00400_3200_N,1,50.41478,0.99581,3.31min,74.02041333333334
108,0069_003_IP_01000_02000_3200_N,0,60.37605,0.99751,3.31min,100.7538
109,0069_003_IP_01000_02000_3200_N,1,60.4173,0.99751,3.31min,100.8638
110,0070_003_IP_02000_04000_3200_N,0,62.20036,0.99679,3.31min,105.54662666666665
111,0070_003_IP_02000_04000_3200_N,1,62.16774,0.9967,3.31min,105.45064000000002
112,0072_003_IP_01000_02000_5500_L,0,62.85524,0.99643,3.31min,107.25697333333335
113,0072_003_IP_01000_02000_5500_L,1,62.84629,0.99645,3.31min,107.23510666666667
114,0073_003_IP_00200_01000_5500_L,0,62.25155,0.997,3.31min,105.70413333333333
115,0073_003_IP_00200_01000_5500_L,1,62.25015,0.99704,3.32min,105.70439999999999
116,0075_004_N6_00800_00080_3200_L,0,47.38708,0.98652,3.57min,65.01754666666666
117,0075_004_N6_00800_00080_3200_L,1,47.59894,0.98676,3.57min,65.60650666666665
118,0076_004_N6_03200_00320_3200_L,0,44.20067,0.98543,3.57min,56.41145333333335
119,0076_004_N6_03200_00320_3200_L,1,43.97875,0.98403,3.57min,55.67966666666666
120,0077_004_G4_00100_00025_3200_N,0,44.90451,0.99707,4.32min,59.452360000000006
121,0077_004_G4_00100_00025_3200_N,1,45.19493,0.99719,4.32min,60.23881333333333
122,0078_004_G4_00200_00050_3200_N,0,47.5337,0.99735,4.32min,66.49153333333334
123,0078_004_G4_00200_00050_3200_N,1,47.71686,0.99732,4.34min,66.97695999999999
124,0080_004_S6_00200_00050_3200_N,0,46.82622,0.9966,4.36min,64.52991999999999
125,0080_004_S6_00200_00050_3200_N,1,47.09976,0.99658,4.35min,65.25736
126,0081_004_S6_00800_00160_4400_L,0,45.44337,0.98136,4.36min,59.31832
127,0081_004_S6_00800_00160_4400_L,1,45.46639,0.98152,4.36min,59.39570666666665
128,0083_004_GP_00050_00020_4400_N,0,46.57365,0.99801,3.36min,63.997400000000006
129,0083_004_GP_00050_00020_4400_N,1,46.57723,0.99802,3.36min,64.00794666666667
130,0084_004_GP_00200_00100_4400_N,0,49.38042,0.99767,3.36min,71.44811999999999
131,0084_004_GP_00200_00100_4400_N,1,49.19663,0.99765,3.36min,70.95601333333333
132,0086_004_GP_00100_00100_5500_L,0,60.02576,0.99692,3.36min,99.76069333333332
133,0086_004_GP_00100_00100_5500_L,1,60.00709,0.99694,3.37min,99.71290666666667
134,0087_004_GP_00800_00640_5500_L,0,53.29415,0.97785,3.37min,79.90273333333334
135,0087_004_GP_00800_00640_5500_L,1,53.32178,0.97765,3.36min,79.95641333333333
136,0088_004_IP_00100_00050_5500_N,0,47.21204,0.99578,3.31min,65.47677333333334
137,0088_004_IP_00100_00050_5500_N,1,47.20749,0.99578,3.31min,65.46464
138,0089_004_IP_00500_00250_5500_N,0,50.24378,0.9972,3.31min,73.70341333333332
139,0089_004_IP_00500_00250_5500_N,1,50.40133,0.99721,3.31min,74.12454666666667
140,0090_004_IP_01600_00750_5500_N,0,53.99331,0.99721,3.32min,83.70316
141,0090_004_IP_01600_00750_5500_N,1,53.76175,0.99702,3.31min,83.06666666666666
142,0091_004_IP_00320_00080_3200_L,0,53.13378,0.99717,3.31min,81.40708
143,0091_004_IP_00320_00080_3200_L,1,53.11331,0.99714,3.31min,81.34949333333333
144,0092_004_IP_00640_00125_3200_L,0,54.54733,0.9966,3.31min,85.11954666666668
145,0092_004_IP_00640_00125_3200_L,1,54.6366,0.99661,3.31min,85.35860000000001
146,0094_005_N6_00100_00050_3200_L,0,59.07763,0.99873,3.56min,97.41334666666667
147,0094_005_N6_00100_00050_3200_L,1,58.46613,0.99872,3.57min,95.78168000000001
148,0096_005_N6_01600_01000_3200_L,0,50.42011,0.99036,3.57min,73.48962666666667
149,0096_005_N6_01600_01000_3200_L,1,50.21617,0.99024,3.57min,72.93378666666666
150,0097_005_N6_03200_02000_3200_L,0,46.62466,0.97763,3.57min,62.09542666666666
151,0097_005_N6_03200_02000_3200_L,1,46.81111,0.9783,3.57min,62.659626666666654
152,0098_005_G4_00100_00050_3200_N,0,45.85234,0.99075,4.32min,61.34790666666665
153,0098_005_G4_00100_00050_3200_N,1,45.42855,0.99022,4.33min,60.16480000000001
154,0099_005_G4_00400_00200_3200_N,0,45.97966,0.98848,4.32min,61.46042666666668
155,0099_005_G4_00400_00200_3200_N,1,45.44692,0.98845,4.32min,60.036786666666664
156,0101_005_S6_00100_00050_4400_L,0,50.00609,0.99484,4.36min,72.83357333333333
157,0101_005_S6_00100_00050_4400_L,1,50.37226,0.99508,4.36min,73.83402666666666
158,0102_005_S6_00400_00200_4400_L,0,49.54116,0.99176,4.37min,71.28575999999998
159,0102_005_S6_00400_00200_4400_L,1,49.52746,0.99159,4.36min,71.23222666666665
160,0104_005_S6_03200_01600_4400_L,0,41.59505,0.94709,4.36min,45.62913333333333
161,0104_005_S6_03200_01600_4400_L,1,41.56684,0.94695,4.35min,45.53990666666666
162,0105_005_GP_00100_00100_4400_N,0,47.33866,0.99159,3.36min,65.39542666666665
163,0105_005_GP_00100_00100_4400_N,1,47.71946,0.99178,3.36min,66.42989333333333
164,0106_005_GP_00400_00400_4400_N,0,46.82417,0.98984,3.36min,63.848453333333346
165,0106_005_GP_00400_00400_4400_N,1,46.86372,0.98963,3.37min,63.93292
166,0107_005_GP_01600_01600_4400_N,0,44.45432,0.97967,3.36min,56.51185333333334
167,0107_005_GP_01600_01600_4400_N,1,44.46475,0.97978,3.36min,56.55066666666667
168,0108_005_GP_06400_06400_4400_N,0,40.74016,0.95026,3.36min,43.666426666666666
169,0108_005_GP_06400_06400_4400_N,1,40.73387,0.94991,3.36min,43.614653333333344
170,0110_005_IP_00100_00100_5500_L,0,53.70006,0.99638,3.31min,82.83816
171,0110_005_IP_00100_00100_5500_L,1,53.70258,0.9964,3.31min,82.84687999999998
172,0111_005_IP_00400_00400_5500_L,0,55.64836,0.99629,3.31min,88.02462666666665
173,0111_005_IP_00400_00400_5500_L,1,55.6628,0.9963,3.31min,88.06413333333333
174,0113_005_IP_01600_01520_5500_L,0,61.2465,0.99624,3.31min,102.948
175,0113_005_IP_01600_01520_5500_L,1,61.22645,0.99625,3.31min,102.89553333333332
176,0114_005_IP_00100_00200_5500_N,0,45.13764,0.98281,3.31min,58.64803999999999
177,0114_005_IP_00100_00200_5500_N,1,45.13338,0.98281,3.31min,58.63668
178,0115_005_IP_00400_00750_5500_N,0,49.70297,0.99131,3.31min,71.67225333333333
179,0115_005_IP_00400_00750_5500_N,1,49.70911,0.99122,3.31min,71.67962666666668
180,0116_005_IP_00800_01520_5500_N,0,54.50573,0.99571,3.31min,84.91961333333333
181,0116_005_IP_00800_01520_5500_N,1,54.47058,0.99577,3.31min,84.83188
182,0117_005_IP_01600_04160_5500_N,0,59.6358,0.9966,3.31min,98.68880000000001
183,0117_005_IP_01600_04160_5500_N,1,59.72018,0.99662,3.31min,98.91581333333333
184,0118_006_N6_00100_00025_3200_L,0,57.61619,0.99864,3.57min,93.50717333333334
185,0118_006_N6_00100_00025_3200_L,1,57.57129,0.99867,3.57min,93.39043999999998
186,0120_006_N6_01600_00400_3200_L,0,49.42755,0.98898,3.57min,70.70479999999999
187,0120_006_N6_01600_00400_3200_L,1,49.24017,0.98909,3.57min,70.21612
188,0121_006_N6_03200_01000_3200_L,0,46.33834,0.97721,3.57min,61.289906666666674
189,0121_006_N6_03200_01000_3200_L,1,46.18681,0.97692,3.57min,60.85682666666666
190,0122_006_G4_00100_00050_3200_N,0,48.42798,0.99418,4.33min,68.55927999999999
191,0122_006_G4_00100_00050_3200_N,1,48.5447,0.99428,4.32min,68.88053333333333
192,0123_006_G4_00400_00160_3200_N,0,47.03081,0.99215,4.32min,64.63049333333333
193,0123_006_G4_00400_00160_3200_N,1,46.99981,0.99211,4.32min,64.54382666666666
194,0125_006_S6_00100_00050_4400_L,0,52.90034,0.9971,4.36min,80.77757333333334
195,0125_006_S6_00100_00050_4400_L,1,53.0667,0.99711,4.37min,81.2222
196,0126_006_S6_00400_00200_4400_L,0,50.36043,0.99307,4.36min,73.60148000000001
197,0126_006_S6_00400_00200_4400_L,1,50.39003,0.993,4.37min,73.67341333333334
198,0127_006_S6_01600_00800_4400_L,0,46.35923,0.98235,4.37min,61.85961333333332
199,0127_006_S6_01600_00800_4400_L,1,46.41672,0.9823,4.35min,62.007919999999984
200,0129_006_GP_00100_00100_4400_N,0,53.52219,0.99716,3.36min,82.44184000000001
201,0129_006_GP_00100_00100_4400_N,1,53.68269,0.99717,3.36min,82.87084
202,0130_006_GP_00400_00400_4400_N,0,52.00591,0.99541,3.37min,78.22342666666667
203,0130_006_GP_00400_00400_4400_N,1,52.09493,0.99542,3.37min,78.46181333333332
204,0132_006_GP_00100_00200_5500_L,0,64.45767,0.99835,3.36min,111.72211999999999
205,0132_006_GP_00100_00200_5500_L,1,64.49363,0.99835,3.36min,111.81801333333333
206,0133_006_GP_00800_01600_5500_L,0,59.64822,0.99494,3.36min,98.55592000000001
207,0133_006_GP_00800_01600_5500_L,1,59.6931,0.99492,3.36min,98.67360000000001
208,0134_006_IP_00100_00100_5500_N,0,47.41613,0.98933,3.31min,65.37601333333333
209,0134_006_IP_00100_00100_5500_N,1,47.36335,0.98934,3.32min,65.23626666666665
210,0135_006_IP_00400_00400_5500_N,0,51.87953,0.99505,3.31min,77.85041333333334
211,0135_006_IP_00400_00400_5500_N,1,51.8885,0.99504,3.31min,77.87333333333333
212,0136_006_IP_00800_00800_5500_N,0,56.14005,0.99742,3.31min,89.4488
213,0136_006_IP_00800_00800_5500_N,1,56.1151,0.99742,3.31min,89.38226666666665
214,0137_006_IP_01600_01600_5500_N,0,59.48164,0.99773,3.31min,98.39070666666667
215,0137_006_IP_01600_01600_5500_N,1,59.4397,0.99777,3.31min,98.28286666666666
216,0138_006_IP_00100_00100_3200_L,0,59.93991,0.99858,3.31min,99.69775999999999
217,0138_006_IP_00100_00100_3200_L,1,59.77286,0.99857,3.31min,99.25129333333334
218,0139_006_IP_00200_00200_3200_L,0,58.86611,0.99767,3.31min,96.74329333333334
219,0139_006_IP_00200_00200_3200_L,1,58.85784,0.99767,3.31min,96.72124000000001
220,0140_006_IP_00800_00800_3200_L,0,63.13896,0.99727,3.31min,108.09755999999999
221,0140_006_IP_00800_00800_3200_L,1,63.12102,0.99727,3.31min,108.04972
222,0142_007_N6_00100_00100_4400_N,0,49.01894,0.99306,3.56min,70.02317333333335
223,0142_007_N6_00100_00100_4400_N,1,48.93664,0.993,3.57min,69.79770666666666
224,0144_007_N6_01600_01600_4400_N,0,42.55808,0.97182,3.62min,50.67021333333332
225,0144_007_N6_01600_01600_4400_N,1,43.52263,0.97176,3.57min,53.236346666666655
226,0145_007_N6_03200_03200_4400_N,0,40.51434,0.94681,3.57min,42.71923999999999
227,0145_007_N6_03200_03200_4400_N,1,40.87321,0.94874,3.57min,43.86922666666667
228,0146_007_N6_00400_00400_4400_N,0,44.96314,0.98262,3.57min,58.163706666666684
229,0146_007_N6_00400_00400_4400_N,1,44.59651,0.98339,3.56min,57.263026666666676
230,0147_007_G4_00100_00100_4400_L,0,59.46649,0.99879,4.32min,98.45630666666668
231,0147_007_G4_00100_00100_4400_L,1,59.29027,0.99878,4.32min,97.98538666666666
232,0149_007_G4_00800_00800_4400_L,0,53.59207,0.99096,4.32min,82.00818666666666
233,0149_007_G4_00800_00800_4400_L,1,53.42238,0.99092,4.33min,81.55167999999998
234,0150_007_S6_00100_00100_5500_L,0,56.48424,0.99843,4.36min,90.46764
235,0150_007_S6_00100_00100_5500_L,1,56.1632,0.99842,4.36min,89.61053333333334
236,0151_007_S6_00800_00800_5500_L,0,51.64705,0.99254,4.36min,76.97946666666667
237,0151_007_S6_00800_00800_5500_L,1,51.58713,0.99243,4.36min,76.80868000000001
238,0152_007_S6_01600_01600_5500_L,0,48.43729,0.98683,4.36min,67.84910666666666
239,0152_007_S6_01600_01600_5500_L,1,48.48496,0.98698,4.35min,67.99122666666666
240,0154_007_S6_00400_00400_5500_L,0,52.97485,0.99471,4.36min,80.73726666666667
241,0154_007_S6_00400_00400_5500_L,1,53.08446,0.99473,4.36min,81.03155999999998
242,0155_007_GP_00100_00100_5500_N,0,50.53998,0.99416,3.36min,74.18928
243,0155_007_GP_00100_00100_5500_N,1,50.41511,0.9941,3.36min,73.85029333333333
244,0156_007_GP_00800_00800_5500_N,0,47.27335,0.98904,3.36min,64.96626666666667
245,0156_007_GP_00800_00800_5500_N,1,47.68463,0.98909,3.36min,66.06801333333333
246,0157_007_GP_01600_01600_5500_N,0,44.98812,0.98575,3.37min,58.54332
247,0157_007_GP_01600_01600_5500_N,1,44.94998,0.98572,3.36min,58.438613333333336
248,0159_007_IP_00100_00100_3200_L,0,56.65671,0.9978,3.31min,90.86456
249,0159_007_IP_00100_00100_3200_L,1,56.62515,0.99779,3.31min,90.77939999999998
250,0160_007_IP_00400_00400_3200_L,0,59.836,0.99815,3.31min,99.37766666666667
251,0160_007_IP_00400_00400_3200_L,1,59.88008,0.99815,3.31min,99.49521333333334
252,0161_007_IP_00800_00800_3200_L,0,62.65696,0.99811,3.31min,106.89622666666668
253,0161_007_IP_00800_00800_3200_L,1,62.71992,0.99813,3.31min,107.06612
254,0163_007_IP_00100_00100_3200_N,0,43.5698,0.97408,3.31min,53.594133333333325
255,0163_007_IP_00100_00100_3200_N,1,43.58768,0.97414,3.31min,53.647813333333325
256,0164_007_IP_00400_00400_3200_N,0,51.97126,0.99443,3.31min,78.03302666666667
257,0164_007_IP_00400_00400_3200_N,1,51.78276,0.99443,3.31min,77.53036000000002
258,0165_007_IP_00800_00800_3200_N,0,56.30087,0.99755,3.31min,89.89065333333335
259,0165_007_IP_00800_00800_3200_N,1,56.26111,0.99754,3.31min,89.78362666666668
260,0166_007_IP_01600_01600_3200_N,0,60.18371,0.99818,3.31min,100.30789333333333
261,0166_007_IP_01600_01600_3200_N,1,60.10717,0.99815,3.31min,100.10078666666669
262,0167_008_N6_00100_00050_4400_L,0,52.38728,0.99411,3.57min,79.11041333333331
263,0167_008_N6_00100_00050_4400_L,1,52.38842,0.99412,3.56min,79.11445333333334
264,0168_008_N6_00400_00200_4400_L,0,52.72437,0.99204,3.57min,79.80232000000001
265,0168_008_N6_00400_00200_4400_L,1,52.96455,0.99237,3.57min,80.47579999999999
266,0169_008_N6_00800_00400_4400_L,0,50.69434,0.98308,3.56min,73.49290666666664
267,0169_008_N6_00800_00400_4400_L,1,50.81625,0.9833,3.56min,73.83999999999999
268,0170_008_N6_01600_00800_4400_L,0,47.47153,0.97765,3.57min,64.35574666666668
269,0170_008_N6_01600_00800_4400_L,1,47.41362,0.9777,3.57min,64.20632
270,0172_008_G4_00100_00100_4400_N,0,42.66023,0.9808,4.32min,51.840613333333316
271,0172_008_G4_00100_00100_4400_N,1,42.71085,0.98129,4.32min,52.0246
272,0173_008_G4_00400_00400_4400_N,0,45.66574,0.9857,4.31min,60.345306666666666
273,0173_008_G4_00400_00400_4400_N,1,45.50427,0.98522,4.32min,59.866719999999994
274,0175_008_S6_00100_00025_5500_L,0,46.8981,0.98665,4.35min,63.7266
275,0175_008_S6_00100_00025_5500_L,1,47.04001,0.98704,4.36min,64.14402666666668
276,0177_008_S6_00800_00200_5500_L,0,43.95659,0.97265,4.36min,54.48257333333333
277,0177_008_S6_00800_00200_5500_L,1,43.87514,0.97221,4.37min,54.22137333333333
278,0178_008_S6_01600_00400_5500_L,0,42.32699,0.96317,4.36min,49.18897333333333
279,0178_008_S6_01600_00400_5500_L,1,42.11797,0.96123,4.35min,48.43758666666667
280,0179_008_S6_03200_00800_5500_L,0,39.02574,0.91809,4.36min,35.87763999999999
281,0179_008_S6_03200_00800_5500_L,1,38.86779,0.91513,4.35min,35.160439999999994
282,0180_008_GP_00100_00100_5500_N,0,42.40377,0.98088,3.36min,51.16472000000001
283,0180_008_GP_00100_00100_5500_N,1,42.40213,0.98095,3.43min,51.16734666666667
284,0181_008_GP_00800_00800_5500_N,0,44.00181,0.98328,3.44min,55.66616
285,0181_008_GP_00800_00800_5500_N,1,44.04499,0.98355,3.44min,55.80830666666666
286,0182_008_GP_03200_03200_5500_N,0,41.65398,0.96476,3.42min,47.55327999999998
287,0182_008_GP_03200_03200_5500_N,1,41.74584,0.9653,3.37min,47.85224
288,0184_008_IP_00100_00100_3200_L,0,51.91819,0.99417,3.33min,77.86550666666666
289,0184_008_IP_00100_00100_3200_L,1,51.87683,0.9941,3.38min,77.74821333333333
290,0185_008_IP_00400_00400_3200_L,0,55.58741,0.9954,3.37min,87.77309333333332
291,0185_008_IP_00400_00400_3200_L,1,55.58295,0.99545,3.36min,87.76619999999998
292,0186_008_IP_00800_00800_3200_L,0,58.771,0.99635,3.36min,96.35766666666667
293,0186_008_IP_00800_00800_3200_L,1,58.76486,0.99653,3.37min,96.35929333333333
294,0188_008_IP_00100_00100_3200_N,0,42.30569,0.98883,3.32min,51.69817333333333
295,0188_008_IP_00100_00100_3200_N,1,42.44978,0.98906,3.31min,52.10541333333333
296,0189_008_IP_00400_00400_3200_N,0,47.94014,0.99102,3.31min,66.94237333333332
297,0189_008_IP_00400_00400_3200_N,1,47.91378,0.99097,3.31min,66.86708000000002
298,0190_008_IP_00800_00800_3200_N,0,52.35251,0.99443,3.31min,79.04969333333334
299,0190_008_IP_00800_00800_3200_N,1,52.39853,0.99447,3.30min,79.17641333333333
300,0191_008_IP_01600_01600_3200_N,0,56.20045,0.99589,3.32min,89.45686666666666
301,0191_008_IP_01600_01600_3200_N,1,56.19088,0.99586,3.37min,89.42834666666666
302,0192_009_IP_00100_00200_3200_N,0,50.3282,0.99553,3.42min,73.76153333333335
303,0192_009_IP_00100_00200_3200_N,1,50.53555,0.99544,3.43min,74.30546666666666
304,0193_009_IP_00800_02000_3200_N,0,59.13729,0.99771,3.39min,97.47044
305,0193_009_IP_00800_02000_3200_N,1,59.164,0.99772,3.34min,97.54266666666668
306,0194_009_IP_01600_04000_3200_N,0,60.4269,0.99743,3.35min,100.88140000000001
307,0194_009_IP_01600_04000_3200_N,1,60.42804,0.99743,3.34min,100.88444000000001
308,0195_009_IP_01600_04000_5500_L,0,62.78931,0.99584,3.35min,107.02216
309,0195_009_IP_01600_04000_5500_L,1,62.80688,0.99586,3.33min,107.07101333333333
310,0196_009_IP_00800_02000_5500_L,0,62.88143,0.99678,3.31min,107.36181333333334
311,0196_009_IP_00800_02000_5500_L,1,62.86869,0.99675,3.30min,107.32484000000002
312,0197_009_IP_00100_00200_5500_L,0,63.53235,0.99857,3.30min,109.27660000000002
313,0197_009_IP_00100_00200_5500_L,1,63.4142,0.99861,3.31min,108.96553333333334
314,0198_010_GP_00100_00200_5500_N,0,47.2752,0.99028,3.35min,65.09519999999999
315,0198_010_GP_00100_00200_5500_N,1,47.39007,0.99023,3.35min,65.39652000000001
316,0199_010_GP_00800_01600_5500_N,0,45.9033,0.98412,3.36min,60.8208
317,0199_010_GP_00800_01600_5500_N,1,45.86045,0.98413,3.35min,60.70753333333333
318,0200_010_GP_01600_03200_5500_N,0,45.01859,0.98004,3.35min,58.05357333333334
319,0200_010_GP_01600_03200_5500_N,1,45.00672,0.98001,3.35min,58.01892000000001
